Epoch,Loss
0,4.692876975983381
1,4.655927013605833
2,4.634470351040363
3,4.6199986301362514
4,4.61138503998518
