Epoch,Loss
0,4.697748217731714
1,4.665314983576536
2,4.639608431607485
3,4.621176820248365
4,4.612097755074501
