target_accuracy,target_precision,target_recall,target_f1,source_accuracy,source_precision,source_recall,source_f1,trans_source_accuracy,trans_source_precision,trans_source_recall,trans_source_f1,transfer_score,w_dist
0.6333333333333333,0.6509433962264151,0.575,0.6106194690265486,0.39,0.40350877192982454,0.46,0.42990654205607476,0.54,0.5444444444444444,0.49,0.5157894736842104,138.41370895945715,0.002227283291478645
0.6666666666666666,0.6923076923076923,0.6,0.6428571428571429,0.435,0.43564356435643564,0.44,0.43781094527363185,0.53,0.5333333333333333,0.48,0.505263157894737,141.42067713653174,0.0014536314819892132
0.6958333333333333,0.6715328467153284,0.7666666666666667,0.7159533073929961,0.53,0.5319148936170213,0.5,0.5154639175257731,0.465,0.4672897196261682,0.5,0.4830917874396135,128.6272096126351,0.0014529168236177355
0.6416666666666667,0.625,0.7083333333333334,0.6640625,0.59,0.6022727272727273,0.53,0.5638297872340425,0.435,0.4392523364485981,0.47,0.45410628019323673,126.92614225637661,0.0020673058080281814
0.6833333333333333,0.7391304347826086,0.5666666666666667,0.6415094339622641,0.555,0.5578947368421052,0.53,0.5435897435897435,0.545,0.5517241379310345,0.48,0.5133689839572193,125.65212653492051,0.0007863103667864683
