source_mae,source_mse,source_rmse,target_mae,target_mse,target_rmse,trans_target_mae,trans_target_mse,trans_target_rmse,label_div_score,wa_dist
215698.0049776312,83660895792.10693,289241.9329767158,744571.4173581265,1849196769185.09,1359851.7452961886,644402.6428104953,1482047211952.3005,1217393.6142235594,76329624.28467402,265.03801180250974
279055.3058424967,153656228053.1048,391990.08667708014,900080.3697623233,3095519391394.7295,1759408.8187214276,600576.0426921579,2044847766038.204,1429981.7362603636,88329624.43185364,251.9906384640871
260993.9453966742,115337810358.54324,339614.20812230936,905550.2311813821,2934581934937.1914,1713062.1515103274,774057.3117436144,2871731057277.1045,1694618.2629952696,90286024.67393765,254.03065288140866
207961.25549398194,90653597672.94753,301087.35887271573,641109.6289106323,897191010056.9128,947201.6733816051,503524.99957937753,786062993248.3031,886601.93618574,61868014.353854194,253.3338644483008
224121.3295005969,105509580756.87106,324822.38339879084,648530.6951736358,1004016359334.5804,1002006.167313645,566746.2268980816,1069116726821.3259,1033981.0089268206,64215646.37069649,256.8700718145691
