source_mae,source_mse,source_rmse,target_mae,target_mse,target_rmse,trans_target_mae,trans_target_mse,trans_target_rmse
354000.4119999188,269032502927.81015,518683.4322858309,952813.5051039911,1981002306670.7288,1407480.8370527567,673011.6935173332,1229042948209.3127,1108622.0944078793
361382.4581999985,254216068247.69498,504198.44133802614,956594.6015665731,2061541439202.4233,1435806.8948164384,644897.5003466593,803056419128.0161,896134.1524169337
349251.03720961994,223228247479.7459,472470.3667741988,822912.7769149366,1244351806393.304,1115505.1799042907,572700.5244674276,536395289483.93756,732390.1210993616
567624.0931023697,719477559280.3547,848220.2304120993,958528.7458049395,1896628108586.3123,1377181.2184989715,665837.310573285,1053130210636.3921,1026221.3263406643
380832.208765606,259999207585.88962,509901.1743327227,651523.4878254662,637291939778.8245,798305.6681364755,516028.979916269,406318052409.4624,637430.8216657415
